0,this privacy policy sets out how bestpregnancysites.com uses and protects any information that you give bestpregnancysites.com when you use this website.
0,"bestpregnancysites.com is committed to ensuring that your privacy is protected.should we ask you to provide certain information by which you can be identified when using this website, then you can be assured that it will only be used in accordance with this privacy statement."
0,"what we collectwe may collect the following information:- name- email address- phone numbers- demographic information such as postcode, preferences and interests- information relevant to customer surveys and/or offerswhat we do with the information we gather."
0,"we require this information to understand your needs and provide you with a better service, and in particular for the following reasons:internal record keeping."
0,"we may use the information to improve our products and services.we may periodically send promotional email about new products, special offers or other information which we think you may find interesting using the email address which you have provided."
0,"securitywe are committed to ensuring that your information is secure.in order to prevent unauthorized access or disclosure we have put in place suitable physical, electronic and managerial procedures to safeguard and secure the information we collect online.how we use cookiesa cookie is a small file which asks permission to be placed on your computers hard drive.once you agree, the file is added and the cookie helps analyze web traffic or lets you know when you visit a particular site.cookies allow web applications to respond to you as an individual.the web application can tailor its operations to your needs, likes and dislikes by gathering and remembering information about your preferences."
0,we use traffic log cookies to identify which pages are being used.this helps us analyze data about web page traffic and improve our website in order to tailor it to customer needs.we only use this information for statistical analysis purposes and then the data is removed from the system.
0,persons under 18 years of age are excluded from this websitethis website is not lawfully accessible to persons under the age of 18 or who are otherwise covered by the provisions of the child online privacy act of 1998 (copa).if you are under the age of 18 you must leave this site immediately.fraudulent use of this website may make you subject to civil or criminal sanctions.
0,"your personal informationwe will not sell, distribute or lease your personal information to third parties unless we have your permission or are required by law.we may use your personal information to send you promotional information about third parties which we think you may find interesting if you tell us that you wish this to happen."
0,you may request details of personal information which we hold about you under the data protection act 1998. a small fee will be payable.if you would like a copy of the information held on you please send an email to info(at)bestpregnancysites.com.
0,"if you believe that any information we are holding on you is incorrect or incomplete, please write to or email us as soon as possible, at the above address.we will promptly correct any information found to be incorrect."
0,"google adsense and the doubleclick dart cookiegoogle, as a third party advertisement vendor, uses cookies to serve ads on this site.the use of dart cookies by google enables them to serve adverts to visitors that are based on their visits to this website as well as other sites on the internet."
0,to opt out of the dart cookies you may visit the google ad and content network privacy policy at the following url http://www.google.com/policies/privacy/ads/ tracking of users through the dart cookie mechanisms are subject to googles own privacy policies.
0,"questions, comments, or report of incidentsyou may direct questions, comments or reports to:info(at)bestpregnancysites.com"
0,"revisions to this privacy policy without noticethis privacy policy is dynamic.it will continually change.you may not assume that it remains the same and you agree to check the policy each time you visit the site for changes.unless, in the sole opinion of the website, this policy changes so drastically as to suggest a posted notification on the site or via email, you will receive no notification of changes to this privacy policy nor, under any circumstances, does this site promise notification.your continued use of this site always evidences your acceptance of the terms this privacy policy or any modifications."
1,privacy policy for bestpregnancysites.com
1,"bestpregnancysites.com may change this policy from time to time by updating this page.you should check this page from time to time to ensure that you are happy with any changes.this policy is effective from sep 23, 2010."
1,"from time to time, we may also use your information to contact you for market research purposes.we may contact you by email, phone, fax or mail.we may use the information to customize the website according to your interests."
1,"links to other websitesour website may contain links to enable you to visit other websites of interest easily.however, once you have used these links to leave our site, you should note that we do not have any control over that other website.therefore, we cannot be responsible for the protection and privacy of any information which you provide whilst visiting such sites and such sites are not governed by this privacy statement.you should exercise caution and look at the privacy statement applicable to the website in question."
2,"other third party ad servers or ad networks may also use cookies to track users activities on this website to measure advertisement effectiveness and other reasons that will be provided in their own privacy policies, bestpregnancysites.com has no access or control over these cookies that may be used by third party advertisers."
5,"latest updatethis privacy policy was last updated on: january 26, 2012"
9,"overall, cookies help us provide you with a better website, by enabling us to monitor which pages you find useful and which you do not.a cookie in no way gives us access to your computer or any information about you, other than the data you choose to share with us.you can choose to accept or decline cookies.most web browsers automatically accept cookies, but you can usually modify your browser setting to decline cookies if you prefer.this may prevent you from taking full advantage of the website."
